{"cameraMode":{"drawMode":2,"name":"Shaded Wireframe","section":"Shading Mode"},"sceneLighting":true,"audioPlay":false,"sceneViewState":{"showFog":true,"showMaterialUpdate":false,"showSkybox":true,"showFlares":true,"showImageEffects":true,"showParticleSystems":true},"in2DMode":false,"pivot":{"x":69.29327392578125,"y":-119.35759735107422,"z":-592.5401611328125},"rotation":{"x":0.47181615233421328,"y":-0.01190225314348936,"z":0.006369910668581724,"w":0.8815937638282776},"size":1769.77734375,"orthographic":false}